Method,Bay,Buoy #,Day #,Replicate #,Sample Hour,Sample Period,Copper (µg/L),Date,Time
ICP,SAB,B1,D0,1,.,Pre-exposure,3.35,7/21/2019,12:16
ICP,SAB,B2,D0,1,.,Pre-exposure,3.35,7/21/2019,12:35
ICP,SAB,B3,D0,1,.,Pre-exposure,3.35,7/21/2019,12:46
ICP,SAB,B4,D0,1,.,Pre-exposure,3.35,7/21/2019,12:54
ICP,SAB,B5,D0,1,.,Pre-exposure,3.35,7/21/2019,13:01
ICP,ROB,B1,D0,1,.,Pre-exposure,1,7/21/2019,13:37
ICP,ROB,B2,D0,1,.,Pre-exposure,1,7/21/2019,13:43
ICP,ROB,B3,D0,1,.,Pre-exposure,1,7/21/2019,13:56
ICP,ROB,B4,D0,1,.,Pre-exposure,3.35,7/21/2019,14:04
ICP,ROB,B5,D0,1,.,Pre-exposure,1,7/21/2019,14:10
ICP,ROB,B1,D1,1,H0,Exposure,23.46099267,7/22/2019,5:00
ICP,ROB,B2,D1,1,H0,Exposure,3.35,7/22/2019,5:09
ICP,ROB,B3,D1,1,H0,Exposure,3.35,7/22/2019,5:15
ICP,ROB,B4,D1,1,H0,Exposure,3.35,7/22/2019,5:20
ICP,ROB,B5,D1,1,H0,Exposure,1,7/22/2019,5:49
ICP,SAB,B1,D1,1,H0,Exposure,3.35,7/22/2019,5:49
ICP,SAB,B2,D1,1,H0,Exposure,3.35,7/22/2019,5:57
ICP,SAB,B3,D1,1,H0,Exposure,3.35,7/22/2019,6:04
ICP,SAB,B4,D1,1,H0,Exposure,3.35,7/22/2019,6:10
ICP,SAB,B5,D1,1,H0,Exposure,3.35,7/22/2019,6:16
ICP,SAB,B1,D1,1,H1,Exposure,6.6683712,7/22/2019,7:10
ICP,SAB,B2,D1,1,H1,Exposure,1,7/22/2019,7:11
ICP,SAB,B3,D1,1,H1,Exposure,81.08769533,7/22/2019,7:15
ICP,SAB,B4,D1,1,H1,Exposure,3.35,7/22/2019,7:19
ICP,SAB,B5,D1,1,H1,Exposure,3.35,7/22/2019,7:22
ICP,SAB,B1,D1,1,H2,Exposure,5.638822933,7/22/2019,8:04
ICP,SAB,B2,D1,1,H2,Exposure,52.74281,7/22/2019,8:08
ICP,SAB,B3,D1,1,H2,Exposure,45.81059013,7/22/2019,8:12
ICP,SAB,B4,D1,1,H2,Exposure,14.81214107,7/22/2019,8:15
ICP,SAB,B5,D1,1,H2,Exposure,63.06090827,7/22/2019,8:20
ICP,SAB,B1,D1,1,H3,Exposure,17.94924787,7/22/2019,9:06
ICP,SAB,B2,D1,1,H3,Exposure,26.31701987,7/22/2019,9:10
ICP,SAB,B3,D1,1,H3,Exposure,37.687282,7/22/2019,9:14
ICP,SAB,B4,D1,1,H3,Exposure,56.96438867,7/22/2019,9:18
ICP,SAB,B5,D1,1,H3,Exposure,95.82014333,7/22/2019,9:21
ICP,SAB,B1,D1,1,H4,Exposure,24.0791524,7/22/2019,10:02
ICP,SAB,B2,D1,1,H4,Exposure,21.69912973,7/22/2019,10:07
ICP,SAB,B3,D1,1,H4,Exposure,38.80083107,7/22/2019,10:10
ICP,SAB,B4,D1,1,H4,Exposure,45.2828928,7/22/2019,10:14
ICP,SAB,B5,D1,1,H4,Exposure,61.08904333,7/22/2019,10:18
ICP,SAB,B1,D1,1,H5,Exposure,50.40155693,7/22/2019,11:01
ICP,SAB,B2,D1,1,H5,Exposure,53.18004493,7/22/2019,11:05
ICP,SAB,B3,D1,1,H5,Exposure,103.8842201,7/22/2019,11:09
ICP,SAB,B4,D1,1,H5,Exposure,219.3659353,7/22/2019,11:13
ICP,SAB,B5,D1,1,H5,Exposure,155.7784067,7/22/2019,11:16
ICP,SAB,B1,D1,1,H6,Exposure,86.02435773,7/22/2019,12:02
ICP,SAB,B2,D1,1,H6,Exposure,36.3400384,7/22/2019,12:06
ICP,SAB,B3,D1,1,H6,Exposure,103.5008319,7/22/2019,12:11
ICP,SAB,B4,D1,1,H6,Exposure,86.6371328,7/22/2019,12:14
ICP,SAB,B5,D1,1,H6,Exposure,204.7013341,7/22/2019,12:18
ICP,SAB,B1,D1,1,H7,Exposure,150.87836,7/22/2019,13:00
ICP,SAB,B2,D1,1,H7,Exposure,37.90805333,7/22/2019,13:03
ICP,SAB,B3,D1,1,H7,Exposure,71.869146,7/22/2019,13:07
ICP,SAB,B4,D1,1,H7,Exposure,119.9079112,7/22/2019,13:10
ICP,SAB,B5,D1,1,H7,Exposure,111.9116812,7/22/2019,13:13
ICP,SAB,B1,D1,1,H8,Exposure,161.9449269,7/22/2019,14:00
ICP,SAB,B2,D1,1,H8,Exposure,51.56895267,7/22/2019,14:05
ICP,SAB,B3,D1,1,H8,Exposure,47.67799253,7/22/2019,14:09
ICP,SAB,B4,D1,1,H8,Exposure,128.1152201,7/22/2019,14:12
ICP,SAB,B5,D1,1,H8,Exposure,123.2679432,7/22/2019,14:15
ICP,SAB,B1,D1,1,H9,Exposure,154.7402429,7/22/2019,14:59
ICP,SAB,B2,D1,1,H9,Exposure,56.2708436,7/22/2019,15:04
ICP,SAB,B3,D1,1,H9,Exposure,57.64501053,7/22/2019,15:08
ICP,SAB,B4,D1,1,H9,Exposure,132.2743367,7/22/2019,15:11
ICP,SAB,B5,D1,1,H9,Exposure,113.0790769,7/22/2019,15:14
ICP,SAB,B1,D1,1,H11,Exposure,104.6068424,7/22/2019,17:14
ICP,SAB,B2,D1,1,H11,Exposure,68.67819253,7/22/2019,17:18
ICP,SAB,B3,D1,1,H11,Exposure,56.94069613,7/22/2019,17:23
ICP,SAB,B4,D1,1,H11,Exposure,113.8253917,7/22/2019,17:28
ICP,SAB,B5,D1,1,H11,Exposure,119.4932919,7/22/2019,17:31
ICP,SAB,B1,D1,1,H12,Exposure,80.79046173,7/22/2019,18:04
ICP,SAB,B2,D1,1,H12,Exposure,65.59062467,7/22/2019,18:08
ICP,SAB,B3,D1,1,H12,Exposure,62.94029173,7/22/2019,18:11
ICP,SAB,B4,D1,1,H12,Exposure,114.5124752,7/22/2019,18:13
ICP,SAB,B5,D1,1,H12,Exposure,105.1970019,7/22/2019,18:15
ICP,ROB,B1,D2,1,.,Exposure,20.57265747,7/23/2019,9:28
ICP,ROB,B2,D2,1,.,Exposure,1,7/23/2019,9:35
ICP,ROB,B3,D2,1,.,Exposure,1,7/23/2019,9:44
ICP,ROB,B4,D2,1,.,Exposure,1,7/23/2019,9:50
ICP,ROB,B5,D2,1,.,Exposure,3.35,7/23/2019,9:56
ICP,SAB,B1,D2,1,.,Exposure,55.4469896,7/23/2019,10:22
ICP,SAB,B2,D2,1,.,Exposure,58.37194053,7/23/2019,10:27
ICP,SAB,B3,D2,1,.,Exposure,72.35484293,7/23/2019,10:31
ICP,SAB,B4,D2,1,.,Exposure,85.31035093,7/23/2019,10:36
ICP,SAB,B5,D2,1,.,Exposure,84.51018947,7/23/2019,10:41
ICP,SAB,B1,D3,1,H0,Exposure,49.253546,7/24/2019,4:38
ICP,SAB,B2,D3,1,H0,Exposure,62.532134,7/24/2019,4:49
ICP,SAB,B3,D3,1,H0,Exposure,64.3704592,7/24/2019,4:54
ICP,SAB,B4,D3,1,H0,Exposure,74.69071133,7/24/2019,4:57
ICP,SAB,B5,D3,1,H0,Exposure,75.051484,7/24/2019,5:03
ICP,SAB,B1,D3,1,H1,Exposure,52.5683468,7/24/2019,7:22
ICP,SAB,B2,D3,1,H1,Exposure,99.7897196,7/24/2019,7:25
ICP,SAB,B3,D3,1,H1,Exposure,72.65853813,7/24/2019,7:32
ICP,SAB,B4,D3,1,H1,Exposure,81.5583152,7/24/2019,7:36
ICP,SAB,B5,D3,1,H1,Exposure,76.36857347,7/24/2019,7:40
ICP,SAB,B1,D3,1,H2,Exposure,67.60987467,7/24/2019,8:09
ICP,SAB,B2,D3,1,H2,Exposure,119.3974448,7/24/2019,8:13
ICP,SAB,B3,D3,1,H2,Exposure,86.76421093,7/24/2019,8:20
ICP,SAB,B4,D3,1,H2,Exposure,71.82499173,7/24/2019,8:23
ICP,SAB,B5,D3,1,H2,Exposure,72.31930413,7/24/2019,8:27
ICP,SAB,B1,D3,1,H3,Exposure,75.1742544,7/24/2019,9:22
ICP,SAB,B2,D3,1,H3,Exposure,88.07268493,7/24/2019,9:25
ICP,SAB,B3,D3,1,H3,Exposure,102.9343649,7/24/2019,9:29
ICP,SAB,B4,D3,1,H3,Exposure,128.66661,7/24/2019,9:32
ICP,SAB,B5,D3,1,H3,Exposure,75.51779613,7/24/2019,9:36
ICP,SAB,B1,D3,1,H4,Exposure,85.16819573,7/24/2019,10:14
ICP,SAB,B2,D3,1,H4,Exposure,79.0027524,7/24/2019,10:17
ICP,SAB,B3,D3,1,H4,Exposure,92.71965227,7/24/2019,10:21
ICP,SAB,B4,D3,1,H4,Exposure,84.53172813,7/24/2019,10:24
ICP,SAB,B5,D3,1,H4,Exposure,126.9661323,7/24/2019,10:28
ICP,SAB,B1,D3,1,H5,Exposure,98.09247267,7/24/2019,11:21
ICP,SAB,B2,D3,1,H5,Exposure,85.11434907,7/24/2019,11:25
ICP,SAB,B3,D3,1,H5,Exposure,99.10586693,7/24/2019,11:29
ICP,SAB,B4,D3,1,H5,Exposure,226.5146188,7/24/2019,11:34
ICP,SAB,B5,D3,1,H5,Exposure,128.1109124,7/24/2019,11:38
ICP,SAB,B1,D3,1,H6,Exposure,95.760912,7/24/2019,12:21
ICP,SAB,B2,D3,1,H6,Exposure,92.62272827,7/24/2019,12:27
ICP,SAB,B3,D3,1,H6,Exposure,94.79597973,7/24/2019,12:30
ICP,SAB,B4,D3,1,H6,Exposure,135.9316023,7/24/2019,12:34
ICP,SAB,B5,D3,1,H6,Exposure,145.0381505,7/24/2019,12:38
ICP,SAB,B1,D3,1,H7,Exposure,103.2100599,7/24/2019,13:22
ICP,SAB,B2,D3,1,H7,Exposure,90.4268612,7/24/2019,13:28
ICP,SAB,B3,D3,1,H7,Exposure,94.0130492,7/24/2019,13:31
ICP,SAB,B4,D3,1,H7,Exposure,122.1673173,7/24/2019,13:34
ICP,SAB,B5,D3,1,H7,Exposure,170.0639273,7/24/2019,13:37
ICP,SAB,B1,D3,1,H8,Exposure,103.9660671,7/24/2019,14:17
ICP,SAB,B2,D3,1,H8,Exposure,91.2991772,7/24/2019,14:20
ICP,SAB,B3,D3,1,H8,Exposure,92.7013444,7/24/2019,14:22
ICP,SAB,B4,D3,1,H8,Exposure,136.4840691,7/24/2019,14:26
ICP,SAB,B5,D3,1,H8,Exposure,150.7728205,7/24/2019,14:30
ICP,SAB,B1,D3,1,H9,Exposure,97.4861592,7/24/2019,15:20
ICP,SAB,B2,D3,1,H9,Exposure,97.70369973,7/24/2019,15:25
ICP,SAB,B3,D3,1,H9,Exposure,101.7885079,7/24/2019,15:29
ICP,SAB,B4,D3,1,H9,Exposure,125.3130396,7/24/2019,15:33
ICP,SAB,B5,D3,1,H9,Exposure,146.3800095,7/24/2019,15:37
ICP,SAB,B1,D3,1,H10,Exposure,90.56793947,7/24/2019,16:20
ICP,SAB,B2,D3,1,H10,Exposure,96.73445973,7/24/2019,16:22
ICP,SAB,B3,D3,1,H10,Exposure,101.8951243,7/24/2019,16:25
ICP,SAB,B4,D3,1,H10,Exposure,130.6750907,7/24/2019,16:27
ICP,SAB,B5,D3,1,H10,Exposure,130.7644761,7/24/2019,16:29
ICP,SAB,B1,D3,1,H11,Exposure,81.1189264,7/24/2019,17:22
ICP,SAB,B2,D3,1,H11,Exposure,101.1025013,7/24/2019,17:24
ICP,SAB,B3,D3,1,H11,Exposure,87.8874524,7/24/2019,17:27
ICP,SAB,B4,D3,1,H11,Exposure,131.1090948,7/24/2019,17:32
ICP,SAB,B5,D3,1,H11,Exposure,144.9056877,7/24/2019,17:34
ICP,SAB,B1,D3,1,H12,Exposure,83.370794,7/24/2019,18:22
ICP,SAB,B2,D3,1,H12,Exposure,94.64413213,7/24/2019,18:25
ICP,SAB,B3,D3,1,H12,Exposure,88.65099813,7/24/2019,18:29
ICP,SAB,B4,D3,1,H12,Exposure,145.0672277,7/24/2019,18:31
ICP,SAB,B5,D3,1,H12,Exposure,132.8095725,7/24/2019,18:35
ICP,ROB,B1,D3,1,H0,Exposure,3.35,7/24/2019,19:01
ICP,ROB,B2,D3,1,H0,Exposure,1,7/24/2019,19:11
ICP,ROB,B3,D3,1,H0,Exposure,3.35,7/24/2019,19:19
ICP,ROB,B4,D3,1,H0,Exposure,3.35,7/24/2019,19:28
ICP,ROB,B5,D3,1,H0,Exposure,3.35,7/24/2019,19:35
ICP,ROB,B1,D4,1,.,Exposure,3.35,7/25/2019,8:19
ICP,ROB,B2,D4,1,.,Exposure,1,7/25/2019,8:23
ICP,ROB,B3,D4,1,.,Exposure,1,7/25/2019,8:27
ICP,ROB,B4,D4,1,.,Exposure,1,7/25/2019,8:30
ICP,ROB,B5,D4,1,.,Exposure,1,7/25/2019,8:33
ICP,SAB,B1,D4,1,.,Exposure,70.13312947,7/25/2019,9:03
ICP,SAB,B2,D4,1,.,Exposure,72.83084747,7/25/2019,9:08
ICP,SAB,B3,D4,1,.,Exposure,80.139994,7/25/2019,9:13
ICP,SAB,B4,D4,1,.,Exposure,92.01856867,7/25/2019,9:18
ICP,SAB,B5,D4,1,.,Exposure,84.0266464,7/25/2019,9:23
ICP,SAB,B1,D5,1,H0,Exposure,51.79403173,7/26/2019,3:38
ICP,SAB,B2,D5,1,H0,Exposure,75.49841133,7/26/2019,3:34
ICP,SAB,B3,D5,1,H0,Exposure,72.693,7/26/2019,3:49
ICP,SAB,B4,D5,1,H0,Exposure,76.97165613,7/26/2019,3:53
ICP,SAB,B5,D5,1,H0,Exposure,72.67253827,7/26/2019,3:57
ICP,SAB,B1,D5,1,H1,Exposure,69.13050453,7/26/2019,6:15
ICP,SAB,B2,D5,1,H1,Exposure,74.14470613,7/26/2019,6:19
ICP,SAB,B3,D5,1,H1,Exposure,64.49753733,7/26/2019,6:23
ICP,SAB,B4,D5,1,H1,Exposure,91.46287107,7/26/2019,6:26
ICP,SAB,B5,D5,1,H1,Exposure,72.24607267,7/26/2019,6:28
ICP,SAB,B1,D5,1,H3,Exposure,99.4084852,7/26/2019,8:21
ICP,SAB,B2,D5,1,H3,Exposure,90.43224587,7/26/2019,8:24
ICP,SAB,B3,D5,1,H3,Exposure,95.64352627,7/26/2019,8:27
ICP,SAB,B4,D5,1,H3,Exposure,108.1989889,7/26/2019,8:30
ICP,SAB,B5,D5,1,H3,Exposure,68.11603333,7/26/2019,8:32
ICP,SAB,B1,D5,1,H4,Exposure,92.3536,7/26/2019,9:18
ICP,SAB,B2,D5,1,H4,Exposure,90.55501627,7/26/2019,9:22
ICP,SAB,B3,D5,1,H4,Exposure,87.84380922,7/26/2019,9:25
ICP,SAB,B4,D5,1,H4,Exposure,89.63355004,7/26/2019,9:29
ICP,SAB,B5,D5,1,H4,Exposure,125.8544513,7/26/2019,9:31
ICP,SAB,B1,D5,1,H5,Exposure,100.2384754,7/26/2019,10:20
ICP,SAB,B2,D5,1,H5,Exposure,86.53877289,7/26/2019,10:23
ICP,SAB,B3,D5,1,H5,Exposure,86.93546269,7/26/2019,10:26
ICP,SAB,B4,D5,1,H5,Exposure,108.7358712,7/26/2019,10:30
ICP,ROB,B1,D5,1,H0,Exposure,11.9442676,7/26/2019,10:32
ICP,SAB,B5,D5,1,H5,Exposure,119.7315405,7/26/2019,10:33
ICP,ROB,B2,D5,1,H0,Exposure,6.4519076,7/26/2019,10:39
ICP,ROB,B3,D5,1,H0,Exposure,7.290838667,7/26/2019,10:45
ICP,ROB,B4,D5,1,H0,Exposure,6.499292667,7/26/2019,10:49
ICP,ROB,B5,D5,1,H0,Exposure,5.555899067,7/26/2019,10:55
ICP,SAB,B1,D5,1,H6,Exposure,91.79372072,7/26/2019,11:22
ICP,SAB,B2,D5,1,H6,Exposure,101.6498655,7/26/2019,11:26
ICP,SAB,B3,D5,1,H6,Exposure,88.75984696,7/26/2019,11:30
ICP,SAB,B4,D5,1,H6,Exposure,108.0252366,7/26/2019,11:33
ICP,SAB,B5,D5,1,H6,Exposure,72.13202903,7/26/2019,11:36
ICP,SAB,B1,D5,1,H7,Exposure,102.4122671,7/26/2019,12:17
ICP,SAB,B2,D5,1,H7,Exposure,108.6694886,7/26/2019,12:22
ICP,SAB,B3,D5,1,H7,Exposure,96.33874647,7/26/2019,12:27
ICP,SAB,B4,D5,1,H7,Exposure,107.0301781,7/26/2019,12:32
ICP,SAB,B5,D5,1,H7,Exposure,123.1013281,7/26/2019,12:37
ICP,SAB,B1,D5,1,H8,Exposure,92.3288778,7/26/2019,13:16
ICP,SAB,B2,D5,1,H8,Exposure,98.41259836,7/26/2019,13:19
ICP,SAB,B3,D5,1,H8,Exposure,90.83003333,7/26/2019,13:23
ICP,SAB,B4,D5,1,H8,Exposure,101.2880526,7/26/2019,13:26
ICP,SAB,B5,D5,1,H8,Exposure,87.84073158,7/26/2019,13:30
ICP,SAB,B1,D5,1,H9,Exposure,87.60541157,7/26/2019,14:17
ICP,SAB,B2,D5,1,H9,Exposure,103.0791556,7/26/2019,14:20
ICP,SAB,B3,D5,1,H9,Exposure,116.0366081,7/26/2019,14:24
ICP,SAB,B4,D5,1,H9,Exposure,95.45657557,7/26/2019,14:27
ICP,SAB,B5,D5,1,H9,Exposure,108.3164969,7/26/2019,14:31
ICP,SAB,B1,D5,1,H10,Exposure,84.15283765,7/26/2019,15:19
ICP,SAB,B2,D5,1,H10,Exposure,88.01403391,7/26/2019,15:23
ICP,SAB,B3,D5,1,H10,Exposure,90.44351647,7/26/2019,15:28
ICP,SAB,B4,D5,1,H10,Exposure,93.26735381,7/26/2019,15:31
ICP,SAB,B5,D5,1,H10,Exposure,105.468126,7/26/2019,15:35
ICP,SAB,B1,D5,1,H11,Exposure,81.270774,7/26/2019,16:40
ICP,SAB,B2,D5,1,H11,Exposure,112.7430737,7/26/2019,16:43
ICP,SAB,B3,D5,1,H11,Exposure,99.32233053,7/26/2019,16:46
ICP,SAB,B4,D5,1,H11,Exposure,91.61960166,7/26/2019,16:49
ICP,SAB,B5,D5,1,H11,Exposure,96.17553133,7/26/2019,16:53
ICP,SAB,B1,D5,1,H12,Exposure,82.68540286,7/26/2019,17:20
ICP,SAB,B2,D5,1,H12,Exposure,84.3755728,7/26/2019,17:25
ICP,SAB,B3,D5,1,H12,Exposure,93.74920053,7/26/2019,17:29
ICP,SAB,B4,D5,1,H12,Exposure,94.68720947,7/26/2019,17:33
ICP,SAB,B5,D5,1,H12,Exposure,102.1600499,7/26/2019,17:38
ICP,ROB,B1,D6,1,.,Exposure,3.35,7/27/2019,7:28
ICP,ROB,B2,D6,1,.,Exposure,1,7/27/2019,7:33
ICP,ROB,B3,D6,1,.,Exposure,1,7/27/2019,7:37
ICP,ROB,B4,D6,1,.,Exposure,1,7/27/2019,7:41
ICP,ROB,B5,D6,1,.,Exposure,1,7/27/2019,7:44
ICP,SAB,B1,D6,1,.,Exposure,80.1658404,7/27/2019,8:26
ICP,SAB,B2,D6,1,.,Exposure,83.54310333,7/27/2019,8:31
ICP,SAB,B3,D6,1,.,Exposure,87.81745173,7/27/2019,8:36
ICP,SAB,B4,D6,1,.,Exposure,86.23759053,7/27/2019,8:41
ICP,SAB,B5,D6,1,.,Exposure,83.5937192,7/27/2019,8:45
ICP,ROB,B1,D7,1,H0,Exposure,7.322069733,7/28/2019,3:30
ICP,ROB,B2,D7,1,H0,Exposure,3.35,7/28/2019,3:37
ICP,ROB,B3,D7,1,H0,Exposure,5.824055467,7/28/2019,3:42
ICP,ROB,B4,D7,1,H0,Exposure,3.35,7/28/2019,3:46
ICP,ROB,B5,D7,1,H0,Exposure,3.35,7/28/2019,3:49
ICP,SAB,B1,D7,1,H0,Exposure,66.57817253,7/28/2019,5:05
ICP,SAB,B2,D7,1,H0,Exposure,77.0287336,7/28/2019,5:16
ICP,SAB,B3,D7,1,H0,Exposure,82.3854,7/28/2019,5:21
ICP,SAB,B4,D7,1,H0,Exposure,75.13763867,7/28/2019,5:27
ICP,SAB,B5,D7,1,H0,Exposure,81.80277907,7/28/2019,5:33
ICP,SAB,B1,D7,1,H1,Exposure,61.40673867,7/28/2019,7:04
ICP,SAB,B2,D7,1,H1,Exposure,75.8204144,7/28/2019,7:08
ICP,SAB,B3,D7,1,H1,Exposure,83.9006452,7/28/2019,7:12
ICP,SAB,B4,D7,1,H1,Exposure,75.79995267,7/28/2019,7:15
ICP,SAB,B5,D7,1,H1,Exposure,73.28208253,7/28/2019,7:19
ICP,SAB,B1,D7,1,H2,Exposure,59.640568,7/28/2019,8:04
ICP,SAB,B2,D7,1,H2,Exposure,76.35134253,7/28/2019,8:09
ICP,SAB,B3,D7,1,H2,Exposure,78.90152067,7/28/2019,8:14
ICP,SAB,B4,D7,1,H2,Exposure,73.61162413,7/28/2019,8:19
ICP,SAB,B5,D7,1,H2,Exposure,72.96007947,7/28/2019,8:22
ICP,SAB,B1,D7,1,H3,Exposure,62.50413373,7/28/2019,9:01
ICP,SAB,B2,D7,1,H3,Exposure,77.86658773,7/28/2019,9:06
ICP,SAB,B3,D7,1,H3,Exposure,82.3240148,7/28/2019,9:09
ICP,SAB,B4,D7,1,H3,Exposure,103.6828336,7/28/2019,9:12
ICP,SAB,B5,D7,1,H3,Exposure,93.09980973,7/28/2019,9:15
ICP,SAB,B1,D7,1,H4,Exposure,65.97078213,7/28/2019,10:02
ICP,SAB,B2,D7,1,H4,Exposure,76.53011347,7/28/2019,10:06
ICP,SAB,B3,D7,1,H4,Exposure,82.55555547,7/28/2019,10:08
ICP,SAB,B4,D7,1,H4,Exposure,89.82162467,7/28/2019,10:11
ICP,SAB,B5,D7,1,H4,Exposure,78.52997867,7/28/2019,10:14
ICP,SAB,B1,D7,1,H5,Exposure,65.12215867,7/28/2019,11:00
ICP,SAB,B2,D7,1,H5,Exposure,86.96775133,7/28/2019,11:04
ICP,SAB,B3,D7,1,H5,Exposure,92.38041827,7/28/2019,11:07
ICP,SAB,B4,D7,1,H5,Exposure,81.028464,7/28/2019,11:10
ICP,SAB,B5,D7,1,H5,Exposure,103.7711421,7/28/2019,11:12
ICP,SAB,B1,D7,1,H6,Exposure,73.86039573,7/28/2019,12:01
ICP,SAB,B2,D7,1,H6,Exposure,109.2645791,7/28/2019,12:04
ICP,SAB,B3,D7,1,H6,Exposure,85.7971248,7/28/2019,12:07
ICP,SAB,B4,D7,1,H6,Exposure,81.86093347,7/28/2019,12:09
ICP,SAB,B5,D7,1,H6,Exposure,111.6284477,7/28/2019,12:11
ICP,SAB,B1,D7,1,H7,Exposure,65.6401636,7/28/2019,13:02
ICP,SAB,B2,D7,1,H7,Exposure,88.10606987,7/28/2019,13:05
ICP,SAB,B3,D7,1,H7,Exposure,93.5768912,7/28/2019,13:07
ICP,SAB,B4,D7,1,H7,Exposure,82.62771,7/28/2019,13:10
ICP,SAB,B5,D7,1,H7,Exposure,72.92346373,7/28/2019,13:13
ICP,SAB,B1,D7,1,H8,Exposure,72.34622747,7/28/2019,14:01
ICP,SAB,B2,D7,1,H8,Exposure,83.54741107,7/28/2019,14:03
ICP,SAB,B3,D7,1,H8,Exposure,85.98343427,7/28/2019,14:06
ICP,SAB,B4,D7,1,H8,Exposure,81.00477147,7/28/2019,14:08
ICP,SAB,B5,D7,1,H8,Exposure,83.48494893,7/28/2019,14:10
ICP,SAB,B1,D7,1,H9,Exposure,73.75162547,7/28/2019,15:00
ICP,SAB,B2,D7,1,H9,Exposure,81.29231267,7/28/2019,15:03
ICP,SAB,B3,D7,1,H9,Exposure,98.13555,7/28/2019,15:06
ICP,SAB,B4,D7,1,H9,Exposure,81.7909328,7/28/2019,15:09
ICP,SAB,B5,D7,1,H9,Exposure,79.16536933,7/28/2019,15:11
ICP,SAB,B1,D7,1,H10,Exposure,69.61297067,7/28/2019,15:58
ICP,SAB,B2,D7,1,H10,Exposure,84.98404013,7/28/2019,16:00
ICP,SAB,B3,D7,1,H10,Exposure,86.16112827,7/28/2019,16:03
ICP,SAB,B4,D7,1,H10,Exposure,89.1636184,7/28/2019,16:06
ICP,SAB,B5,D7,1,H10,Exposure,76.15426373,7/28/2019,16:08
ICP,SAB,B1,D7,1,H11,Exposure,69.2586596,7/28/2019,16:59
ICP,SAB,B2,D7,1,H11,Exposure,77.2064276,7/28/2019,17:02
ICP,SAB,B3,D7,1,H11,Exposure,82.85601987,7/28/2019,17:05
ICP,SAB,B4,D7,1,H11,Exposure,78.00874293,7/28/2019,17:08
ICP,SAB,B5,D7,1,H11,Exposure,81.80816373,7/28/2019,17:10
ICP,SAB,B1,D7,1,H12,Exposure,68.1149564,7/28/2019,17:55
ICP,SAB,B2,D7,1,H12,Exposure,78.77875027,7/28/2019,18:00
ICP,SAB,B3,D7,1,H12,Exposure,81.63154667,7/28/2019,18:03
ICP,SAB,B4,D7,1,H12,Exposure,78.22520653,7/28/2019,18:06
ICP,SAB,B5,D7,1,H12,Exposure,69.94897387,7/28/2019,18:09
ICP,SAB,B1,D8,1,.,Exposure,63.94291667,7/29/2019,7:49
ICP,SAB,B2,D8,1,.,Exposure,77.02011813,7/29/2019,7:52
ICP,SAB,B3,D8,1,.,Exposure,76.9705792,7/29/2019,7:55
ICP,SAB,B4,D8,1,.,Exposure,78.22197573,7/29/2019,7:59
ICP,SAB,B5,D8,1,.,Exposure,70.899906,7/29/2019,8:02
ICP,ROB,B1,D8,1,.,Exposure,7.2272996,7/29/2019,8:35
ICP,ROB,B2,D8,1,.,Exposure,3.35,7/29/2019,8:40
ICP,ROB,B3,D8,1,.,Exposure,3.35,7/29/2019,8:46
ICP,ROB,B4,D8,1,.,Exposure,11.85165133,7/29/2019,8:52
ICP,ROB,B5,D8,1,.,Exposure,3.35,7/29/2019,8:57
ICP,ROB,B1,D9,1,H0,Exposure,3.35,7/30/2019,3:40
ICP,ROB,B2,D9,1,H0,Exposure,3.35,7/30/2019,3:45
ICP,ROB,B3,D9,1,H0,Exposure,3.35,7/30/2019,3:49
ICP,ROB,B4,D9,1,H0,Exposure,6.394830133,7/30/2019,3:53
ICP,ROB,B5,D9,1,H0,Exposure,3.35,7/30/2019,3:56
ICP,SAB,B1,D9,1,H0,Exposure,56.1609964,7/30/2019,4:19
ICP,SAB,B2,D9,1,H0,Exposure,71.79376067,7/30/2019,4:24
ICP,SAB,B3,D9,1,H0,Exposure,69.60973987,7/30/2019,4:30
ICP,SAB,B4,D9,1,H0,Exposure,62.1412072,7/30/2019,4:33
ICP,SAB,B5,D9,1,H0,Exposure,61.80628093,7/30/2019,4:37
ICP,SAB,B1,D9,1,H1,Exposure,73.9239348,7/30/2019,6:27
ICP,SAB,B2,D9,1,H1,Exposure,131.7315623,7/30/2019,6:31
ICP,SAB,B3,D9,1,H1,Exposure,70.04482093,7/30/2019,6:35
ICP,SAB,B4,D9,1,H1,Exposure,60.72503987,7/30/2019,6:38
ICP,SAB,B5,D9,1,H1,Exposure,86.6694408,7/30/2019,6:41
ICP,SAB,B1,D9,1,H2,Exposure,83.984646,7/30/2019,7:26
ICP,SAB,B2,D9,1,H2,Exposure,82.29709147,7/30/2019,7:30
ICP,SAB,B3,D9,1,H2,Exposure,67.57325893,7/30/2019,7:34
ICP,SAB,B4,D9,1,H2,Exposure,61.3981232,7/30/2019,7:38
ICP,SAB,B5,D9,1,H2,Exposure,75.52533467,7/30/2019,7:41
ICP,SAB,B1,D9,1,H3,Exposure,88.72638347,7/30/2019,8:25
ICP,SAB,B2,D9,1,H3,Exposure,111.8793732,7/30/2019,8:29
ICP,SAB,B3,D9,1,H3,Exposure,111.4561384,7/30/2019,8:34
ICP,SAB,B4,D9,1,H3,Exposure,85.8358944,7/30/2019,8:37
ICP,SAB,B5,D9,1,H3,Exposure,83.4580256,7/30/2019,8:40
ICP,SAB,B1,D9,1,H4,Exposure,82.85171213,7/30/2019,9:30
ICP,SAB,B2,D9,1,H4,Exposure,97.32785,7/30/2019,9:35
ICP,SAB,B3,D9,1,H4,Exposure,95.80183547,7/30/2019,9:39
ICP,SAB,B4,D9,1,H4,Exposure,124.5074935,7/30/2019,9:42
ICP,SAB,B5,D9,1,H4,Exposure,90.39024547,7/30/2019,9:45
ICP,SAB,B1,D9,1,H5,Exposure,84.23880227,7/30/2019,10:22
ICP,SAB,B2,D9,1,H5,Exposure,93.37550467,7/30/2019,10:27
ICP,SAB,B3,D9,1,H5,Exposure,90.4914772,7/30/2019,10:31
ICP,SAB,B4,D9,1,H5,Exposure,80.03445453,7/30/2019,10:35
ICP,SAB,B5,D9,1,H5,Exposure,92.4945732,7/30/2019,10:39
ICP,SAB,B1,D9,1,H6,Exposure,122.6174755,7/30/2019,11:22
ICP,SAB,B2,D9,1,H6,Exposure,105.7268531,7/30/2019,11:26
ICP,SAB,B3,D9,1,H6,Exposure,93.67273827,7/30/2019,11:32
ICP,SAB,B4,D9,1,H6,Exposure,75.77626013,7/30/2019,11:35
ICP,SAB,B5,D9,1,H6,Exposure,88.4011496,7/30/2019,11:38
ICP,SAB,B1,D9,1,H7,Exposure,97.6315452,7/30/2019,12:24
ICP,SAB,B2,D9,1,H7,Exposure,90.52809293,7/30/2019,12:27
ICP,SAB,B3,D9,1,H7,Exposure,93.42073587,7/30/2019,12:31
ICP,SAB,B4,D9,1,H7,Exposure,81.19108093,7/30/2019,12:35
ICP,SAB,B5,D9,1,H7,Exposure,89.0376172,7/30/2019,12:38
ICP,SAB,B1,D9,1,H8,Exposure,93.31088867,7/30/2019,13:23
ICP,SAB,B2,D9,1,H8,Exposure,124.3825692,7/30/2019,13:27
ICP,SAB,B3,D9,1,H8,Exposure,110.3113583,7/30/2019,13:30
ICP,SAB,B4,D9,1,H8,Exposure,107.9377972,7/30/2019,13:34
ICP,SAB,B5,D9,1,H8,Exposure,90.59701667,7/30/2019,13:37
ICP,SAB,B1,D9,1,H9,Exposure,90.6594788,7/30/2019,14:22
ICP,SAB,B2,D9,1,H9,Exposure,99.56894827,7/30/2019,14:26
ICP,SAB,B3,D9,1,H9,Exposure,124.8025732,7/30/2019,14:30
ICP,SAB,B4,D9,1,H9,Exposure,91.91410613,7/30/2019,14:34
ICP,SAB,B5,D9,1,H9,Exposure,115.6066395,7/30/2019,14:37
ICP,SAB,B1,D9,1,H10,Exposure,91.07732893,7/30/2019,15:21
ICP,SAB,B2,D9,1,H10,Exposure,118.9139017,7/30/2019,15:27
ICP,SAB,B3,D9,1,H10,Exposure,94.38566813,7/30/2019,15:31
ICP,SAB,B4,D9,1,H10,Exposure,97.73062307,7/30/2019,15:35
ICP,SAB,B5,D9,1,H10,Exposure,93.71473867,7/30/2019,15:39
ICP,SAB,B1,D9,1,H11,Exposure,117.0809612,7/30/2019,16:27
ICP,SAB,B2,D9,1,H11,Exposure,127.5756765,7/30/2019,16:31
ICP,SAB,B3,D9,1,H11,Exposure,94.14443507,7/30/2019,16:35
ICP,SAB,B4,D9,1,H11,Exposure,88.38284173,7/30/2019,16:38
ICP,SAB,B5,D9,1,H11,Exposure,103.6419101,7/30/2019,16:41
ICP,SAB,B1,D9,1,H12,Exposure,94.39859133,7/30/2019,17:25
ICP,SAB,B2,D9,1,H12,Exposure,98.76447907,7/30/2019,17:29
ICP,SAB,B3,D9,1,H12,Exposure,94.4588996,7/30/2019,17:33
ICP,SAB,B4,D9,1,H12,Exposure,95.19336813,7/30/2019,17:37
ICP,SAB,B5,D9,1,H12,Exposure,100.9646539,7/30/2019,17:40
ICP,ROB,B1,D10,1,.,Exposure,5.257588533,7/31/2019,7:57
ICP,ROB,B2,D10,1,.,Exposure,3.35,7/31/2019,8:00
ICP,ROB,B3,D10,1,.,Exposure,7.2014532,7/31/2019,8:03
ICP,ROB,B4,D10,1,.,Exposure,1,7/31/2019,8:05
ICP,ROB,B5,D10,1,.,Exposure,1,7/31/2019,8:08
ICP,SAB,B1,D10,1,.,Exposure,78.05074333,7/31/2019,8:28
ICP,SAB,B2,D10,1,.,Exposure,88.5949976,7/31/2019,8:32
ICP,SAB,B3,D10,1,.,Exposure,91.19148387,7/31/2019,8:36
ICP,SAB,B4,D10,1,.,Exposure,82.48340093,7/31/2019,8:39
ICP,SAB,B5,D10,1,.,Exposure,75.48871893,7/31/2019,8:43
ICP,SAB,B1,D11,1,.,Post-exposure,73.88947293,8/1/2019,7:55
ICP,SAB,B2,D11,1,.,Post-exposure,73.90347307,8/1/2019,8:22
ICP,SAB,B3,D11,1,.,Post-exposure,119.4189835,8/1/2019,8:43
ICP,SAB,B4,D11,1,.,Post-exposure,78.3372076,8/1/2019,9:13
ICP,SAB,B5,D11,1,.,Post-exposure,67.96849347,8/1/2019,9:27
ICP,ROB,B1,D11,1,.,Post-exposure,26.14471053,8/1/2019,11:17
ICP,ROB,B2,D11,1,.,Post-exposure,14.45783,8/1/2019,11:31
ICP,ROB,B3,D11,1,.,Post-exposure,15.21168333,8/1/2019,11:44
ICP,ROB,B4,D11,1,.,Post-exposure,46.06366947,8/1/2019,12:07
ICP,ROB,B5,D11,1,.,Post-exposure,3.35,8/1/2019,12:26
ICP,ROB,B4,D12,1,.,Post-exposure,5.362051067,8/2/2019,9:41
ICP,ROB,B5,D12,1,.,Post-exposure,9.272396,8/2/2019,9:47
ICP,ROB,B1,D12,1,.,Post-exposure,34.60294493,8/2/2019,9:55
ICP,ROB,B2,D12,1,.,Post-exposure,3.35,8/2/2019,10:05
ICP,ROB,B3,D12,1,.,Post-exposure,1,8/2/2019,10:32
ICP,SAB,B5,D12,1,.,Post-exposure,70.24297667,8/2/2019,12:35
ICP,SAB,B4,D12,1,.,Post-exposure,70.65221133,8/2/2019,12:39
ICP,SAB,B3,D12,1,.,Post-exposure,74.05208987,8/2/2019,12:47
ICP,SAB,B2,D12,1,.,Post-exposure,80.09907053,8/2/2019,12:52
ICP,SAB,B1,D12,1,.,Post-exposure,61.09550493,8/2/2019,12:54
ICP,SAB,B1,D23,1,.,Post-exposure,31.7135328,8/13/2019,11:44
ICP,SAB,B2,D23,1,.,Post-exposure,53.07989013,8/13/2019,11:48
ICP,SAB,B3,D23,1,.,Post-exposure,30.10351747,8/13/2019,11:52
ICP,SAB,B4,D23,1,.,Post-exposure,27.17318187,8/13/2019,11:56
ICP,SAB,B5,D23,1,.,Post-exposure,26.6444076,8/13/2019,12:00
ICP,ROB,B1,D23,1,.,Post-exposure,3.35,8/13/2019,12:31
ICP,ROB,B2,D23,1,.,Post-exposure,1,8/13/2019,12:35
ICP,ROB,B3,D23,1,.,Post-exposure,3.35,8/13/2019,12:38
ICP,ROB,B4,D23,1,.,Post-exposure,1,8/13/2019,12:41
ICP,ROB,B5,D23,1,.,Post-exposure,3.35,8/13/2019,12:45
ICP,ROB,B1,D45,1,.,Post-exposure,12.3351944,9/4/2019,14:10
ICP,ROB,B2,D45,1,.,Post-exposure,1,9/4/2019,14:07
ICP,ROB,B3,D45,1,.,Post-exposure,1,9/4/2019,14:01
ICP,ROB,B4,D45,1,.,Post-exposure,1,9/4/2019,13:56
ICP,ROB,B5,D45,1,.,Post-exposure,6.870834667,9/4/2019,13:56
ICP,SAB,B1,D45,1,.,Post-exposure,10.1027116,9/4/2019,11:49
ICP,SAB,B2,D45,1,..,Post-exposure,8.601466533,9/4/2019,11:45
ICP,SAB,B3,D45,1,.,Post-exposure,14.07874947,9/4/2019,11:41
ICP,SAB,B4,D45,1,.,Post-exposure,58.18778493,9/4/2019,11:37
ICP,SAB,B5,D45,1,.,Post-exposure,8.7942376,9/4/2019,11:33
ICP,ROB,B1,D100,1,.,Post-exposure,1,10/29/2019,16:06
ICP,ROB,B2,D100,1,.,Post-exposure,1,10/29/2019,16:02
ICP,ROB,B3,D100,1,.,Post-exposure,1,10/29/2019,15:58
ICP,ROB,B4,D100,1,.,Post-exposure,1,10/29/2019,15:56
ICP,ROB,B5,D100,1,.,Post-exposure,1,10/29/2019,15:49
ICP,SAB,B1,D100,1,.,Post-exposure,1,10/29/2019,13:42
ICP,SAB,B2,D100,1,.,Post-exposure,1,10/29/2019,13:37
ICP,SAB,B3,D100,1,.,Post-exposure,1,10/29/2019,13:32
ICP,SAB,B4,D100,1,.,Post-exposure,8.256847867,10/29/2019,13:28
ICP,SAB,B5,D100,1,.,Post-exposure,3.35,10/29/2019,13:23
Hach,ROB,B1,D0,1,.,Pre-exposure,10,#VALUE!,#VALUE!
Hach,ROB,B2,D0,1,.,Pre-exposure,13,#VALUE!,#VALUE!
Hach,ROB,B3,D0,1,.,Pre-exposure,13,#VALUE!,#VALUE!
Hach,ROB,B4,D0,1,.,Pre-exposure,14,#VALUE!,#VALUE!
Hach,ROB,B5,D0,1,.,Pre-exposure,7,#VALUE!,#VALUE!
Hach,SAB,B1,D0,1,.,Pre-exposure,10,7/21/2019,12:16
Hach,SAB,B2,D0,1,.,Pre-exposure,11,7/21/2019,12:35
Hach,SAB,B3,D0,1,.,Pre-exposure,8,7/21/2019,12:46
Hach,SAB,B4,D0,1,.,Pre-exposure,9,7/21/2019,12:54
Hach,SAB,B5,D0,1,.,Pre-exposure,11,#VALUE!,#VALUE!
Hach,SAB,B1,D1,1,H6,Exposure,75,7/22/2019,12:02
Hach,SAB,B2,D1,1,H6,Exposure,36,7/22/2019,12:06
Hach,SAB,B3,D1,1,H6,Exposure,88,7/22/2019,12:11
Hach,SAB,B4,D1,1,H6,Exposure,76,7/22/2019,12:14
Hach,SAB,B5,D1,1,H6,Exposure,165,7/22/2019,12:18
Hach,SAB,B1,D1,1,H9,Exposure,137,#VALUE!,#VALUE!
Hach,SAB,B2,D1,1,H9,Exposure,58,#VALUE!,#VALUE!
Hach,SAB,B3,D1,1,H9,Exposure,57,#VALUE!,#VALUE!
Hach,SAB,B5,D1,1,H9,Exposure,95,#VALUE!,#VALUE!
Hach,SAB,B1,D2,1,.,Exposure,45,7/23/2019,11:30
Hach,SAB,B2,D2,1,.,Exposure,32,7/23/2019,11:30
Hach,SAB,B3,D2,1,.,Exposure,29,7/23/2019,11:30
Hach,SAB,B4,D2,1,.,Exposure,76,7/23/2019,11:30
Hach,SAB,B5,D2,1,.,Exposure,67,7/23/2019,11:54
Hach,SAB,B1,D2,1,.,Exposure,64,7/23/2019,8:21
Hach,SAB,B2,D2,1,.,Exposure,52,7/23/2019,8:24
Hach,SAB,B3,D2,1,.,Exposure,61,7/23/2019,8:29
Hach,SAB,B4,D2,1,.,Exposure,77,7/23/2019,8:31
Hach,SAB,B5,D2,1,.,Exposure,77,7/23/2019,8:35
Hach,SAB,B1,D3,1,H6,Exposure,73,7/24/2019,12:21
Hach,SAB,B2,D3,1,H6,Exposure,82,7/24/2019,12:27
Hach,SAB,B3,D3,1,H6,Exposure,78,7/24/2019,12:30
Hach,SAB,B4,D3,1,H6,Exposure,129,7/24/2019,12:34
Hach,SAB,B5,D3,1,H6,Exposure,166,7/24/2019,12:38
Hach,SAB,B1,D3,1,H12,Exposure,77,#VALUE!,#VALUE!
Hach,SAB,B2,D3,1,H12,Exposure,89,#VALUE!,#VALUE!
Hach,SAB,B3,D3,1,H12,Exposure,83,#VALUE!,#VALUE!
Hach,SAB,B4,D3,1,H12,Exposure,121,#VALUE!,#VALUE!
Hach,SAB,B5,D3,1,H12,Exposure,126,#VALUE!,#VALUE!
Hach,SAB,B1,D4,1,.,Exposure,44,7/25/2019,9:03
Hach,SAB,B2,D4,1,.,Exposure,58,7/25/2019,9:08
Hach,SAB,B3,D4,1,.,Exposure,73,7/25/2019,9:13
Hach,SAB,B4,D4,1,.,Exposure,77,7/25/2019,9:18
Hach,SAB,B5,D4,1,.,Exposure,64,7/25/2019,9:23
Hach,SAB,B1,D5,1,H12,Exposure,65,7/26/2019,8:26
Hach,SAB,B2,D5,1,H12,Exposure,77,7/26/2019,8:31
Hach,SAB,B3,D5,1,H12,Exposure,94,7/26/2019,8:36
Hach,SAB,B4,D5,1,H12,Exposure,90,7/26/2019,8:41
Hach,SAB,B5,D5,1,H12,Exposure,86,7/26/2019,8:45
Hach,SAB,B1,D6,1,.,Exposure,64,#VALUE!,#VALUE!
Hach,SAB,B2,D6,1,.,Exposure,61,#VALUE!,#VALUE!
Hach,SAB,B3,D6,1,.,Exposure,81,#VALUE!,#VALUE!
Hach,SAB,B4,D6,1,.,Exposure,70,#VALUE!,#VALUE!
Hach,SAB,B5,D6,1,.,Exposure,70,#VALUE!,#VALUE!
Hach,SAB,B1,D7,1,H12,Exposure,44,#VALUE!,#VALUE!
Hach,SAB,B2,D7,1,H12,Exposure,68,#VALUE!,#VALUE!
Hach,SAB,B3,D7,1,H12,Exposure,59,#VALUE!,#VALUE!
Hach,SAB,B4,D7,1,H12,Exposure,63,#VALUE!,#VALUE!
Hach,SAB,B5,D7,1,H12,Exposure,49,#VALUE!,#VALUE!
Hach,SAB,B1,D8,1,.,Exposure,49,7/29/2019,7:49
Hach,SAB,B2,D8,1,.,Exposure,59,7/29/2019,7:52
Hach,SAB,B3,D8,1,.,Exposure,52,7/29/2019,7:55
Hach,SAB,B4,D8,1,.,Exposure,62,7/29/2019,7:59
Hach,SAB,B5,D8,1,.,Exposure,47,7/29/2019,8:02
Hach,SAB,B1,D9,1,H12,Exposure,73,#VALUE!,#VALUE!
Hach,SAB,B2,D9,1,H12,Exposure,86,#VALUE!,#VALUE!
Hach,SAB,B3,D9,1,H12,Exposure,87,#VALUE!,#VALUE!
Hach,SAB,B4,D9,1,H12,Exposure,76,#VALUE!,#VALUE!
Hach,SAB,B5,D9,1,H12,Exposure,80,#VALUE!,#VALUE!
Hach,SAB,B1,D10,1,.,Exposure,61,7/31/2019,8:28
Hach,SAB,B2,D10,1,.,Exposure,76,7/31/2019,8:31
Hach,SAB,B3,D10,1,.,Exposure,76,7/31/2019,8:36
Hach,SAB,B4,D10,1,.,Exposure,68,7/31/2019,8:39
Hach,SAB,B5,D10,1,.,Exposure,52,7/31/2019,8:43
Hach,SAB,Composite,D3,1,H0,Exposure,41,7/24/2019,4:52
Hach,SAB,Composite,D3,2,H0,Exposure,49,7/24/2019,4:52
Hach,SAB,Composite,D3,3,H0,Exposure,56,7/24/2019,4:52
Hach,SAB,Composite,D5,1,H0,Exposure,51,7/26/2019,3:46
Hach,SAB,Composite,D5,2,H0,Exposure,56,7/26/2019,3:46
Hach,SAB,Composite,D5,3,H0,Exposure,50,7/26/2019,3:46
Hach,SAB,Composite,D7,1,H0,Exposure,62,7/28/2019,5:20
Hach,SAB,Composite,D7,2,H0,Exposure,65,7/28/2019,5:20
Hach,SAB,Composite,D7,3,H0,Exposure,65,7/28/2019,5:20
Hach,SAB,Composite,D9,1,H0,Exposure,48,7/30/2019,4:28
Hach,SAB,Composite,D9,2,H0,Exposure,39,7/30/2019,4:28
Hach,SAB,Composite,D9,3,H0,Exposure,42,7/30/2019,4:28
